<?xml version="1.0" encoding="UTF-8" standalone="yes"?>
<a:clrScheme xmlns:a="http://schemas.openxmlformats.org/drawingml/2006/main"
name="Neon night ">
<a:dk1><a:sysClr val="windowText" lastClr="000000"/></a:dk1><a:lt1><a:sysClr val="window" lastClr="FFFFFF"/>
</a:lt1><a:dk2><a:srgbClr val="1F497D"/></a:dk2>
<a:lt2><a:srgbClr val="EEECE1"/></a:lt2>
<a:accent1><a:srgbClr val="f77604 "/></a:accent1>
<a:accent2><a:srgbClr val="b8d20b "/></a:accent2>
<a:accent3><a:srgbClr val="f56c57 "/></a:accent3>
<a:accent4><a:srgbClr val="231b12 "/></a:accent4>
<a:accent5><a:srgbClr val="000000"/></a:accent5>
<a:accent6><a:srgbClr val="8A8A8A"/></a:accent6>
<a:hlink><a:srgbClr val="0096D2"/></a:hlink><a:folHlink><a:srgbClr val="00578B"/></a:folHlink></a:clrScheme>








